Unnamed: 0,size,calories_kcal,fats_g,sod_mg,carb_g,fiber_g,sugar_g,protein_g,vitA_g,calcium_mg,thiamin_mg,zinc_mg,potassium_mg,magnesium_mg,vitE_mg,vitK_mcg,vitC_mg,vitB6_mg,copper_mg,carotene_mg,carotene_mcg,cryptoxanthin_mcg,lycopene_mcg,cholesterol_mg,quality
0,1,21,0,8,4,0,2,0,0,1,0,2,13,3,0,0,6,0,0,3,1,1,0,0,1
1,2,82,0,2,17,0,11,1,33,10,0,0,53,12,0,2,24,0,0,14,2,9,0,0,0
2,1,20,0,0,4,0,2,0,8,2,0,0,13,3,0,0,6,0,0,3,0,2,0,0,1
3,1,32,1,13,4,0,0,1,29,62,0,0,57,9,0,0,0,0,0,0,0,0,0,3,3
4,1,58,0,17,11,0,2,1,10,97,0,0,109,17,0,0,0,0,0,4,4,0,0,0,1
5,1,55,0,6,9,0,0,1,3,163,0,0,36,20,0,0,0,0,0,0,0,0,0,0,3
6,1,9,0,1,1,0,0,0,0,27,0,0,6,3,0,0,0,0,0,0,0,0,0,0,3
7,1,9,0,2,1,0,0,0,1,16,0,0,18,2,0,0,0,0,0,0,0,0,0,0,3
8,1,32,1,17,4,0,0,1,28,58,0,0,70,8,0,0,0,0,0,0,0,0,0,0,3
9,1,32,1,13,4,0,0,1,0,81,0,0,48,9,0,0,0,0,0,0,0,0,0,0,3
10,1,58,0,4,11,0,0,1,0,127,0,0,57,30,0,0,0,0,0,0,0,0,0,0,3
11,1,9,0,0,1,0,0,0,0,21,0,0,9,5,0,0,0,0,0,0,0,0,0,0,3
12,1,32,1,13,4,0,0,1,29,67,0,0,53,12,0,0,0,0,0,0,0,0,0,3,3
13,2,89,0,31,19,1,2,1,23,19,0,0,31,3,0,0,35,0,0,10,0,7,0,0,1
14,4,89,0,31,19,1,2,1,23,19,0,0,31,3,0,0,35,0,0,10,0,7,0,0,1
15,4,94,0,33,20,1,2,1,25,20,0,0,33,3,0,0,37,0,0,10,0,8,0,0,1
16,1,22,0,7,4,0,0,0,5,4,0,0,7,0,0,0,8,0,0,2,0,1,0,0,3
17,1,12,0,4,2,0,0,0,3,2,0,0,4,0,0,0,5,0,0,1,0,1,0,0,3
18,1,60,0,14,11,0,2,1,4,103,0,0,115,21,0,0,0,0,0,1,1,0,0,0,1
19,1,10,0,2,2,0,0,0,0,17,0,0,19,3,0,0,0,0,0,0,0,0,0,0,3
20,1,33,0,16,4,0,0,1,28,60,0,0,71,9,0,0,0,0,0,5,0,0,0,3,3
21,1,32,0,13,4,0,0,1,30,82,0,0,39,12,0,0,0,0,0,7,0,0,0,0,3
22,6,134,0,17,31,1,17,1,25,27,0,0,85,8,0,0,15,0,0,11,0,8,0,0,0
23,2,134,0,17,31,1,17,1,25,27,0,0,85,8,0,0,15,0,0,11,0,8,0,0,0
24,1,22,0,2,5,0,2,0,4,4,0,0,14,1,0,0,2,0,0,1,0,1,0,0,1
25,1,11,0,1,2,0,1,0,2,2,0,0,7,0,0,0,1,0,0,1,0,0,0,0,2
26,1,60,0,3,11,1,3,1,3,90,0,0,77,21,0,1,8,0,0,1,0,0,0,0,1
27,2,88,3,56,12,1,0,3,244,40,0,0,59,5,0,0,1,0,0,0,0,0,0,107,3
28,1,14,0,9,2,0,0,0,40,6,0,0,9,0,0,0,0,0,0,0,0,0,0,17,3
29,2,57,2,37,7,1,0,2,159,27,0,0,44,3,0,0,0,0,0,0,0,0,0,71,3
30,1,14,0,9,1,0,0,0,39,6,0,0,11,0,0,0,0,0,0,0,0,0,0,17,3
31,2,65,1,42,9,0,0,2,181,30,0,0,49,3,0,0,0,0,0,0,0,0,0,57,3
32,1,16,0,10,2,0,0,0,45,7,0,0,12,0,0,0,0,0,0,0,0,0,0,14,3
33,2,28,0,12,4,0,1,0,1,6,0,0,32,3,0,0,0,0,0,0,0,0,0,0,2
34,1,122,3,54,19,0,7,3,6,28,0,0,142,13,0,1,1,1,0,0,0,0,0,0,0
35,2,34,1,0,5,0,1,0,187,6,0,0,34,2,0,0,0,0,0,80,64,0,0,0,2
36,2,22,0,18,3,0,0,0,0,1,0,0,7,1,0,0,0,0,0,0,0,0,0,0,3
37,1,125,4,104,20,0,0,2,0,9,0,0,44,6,0,0,1,0,0,0,0,0,0,0,3
38,2,3,0,7,0,0,0,0,25,0,0,0,1,0,0,0,0,0,0,12,4,0,13,0,3
39,4,76,0,33,15,0,11,1,21,12,0,0,101,5,0,0,13,0,0,9,7,0,0,32,0
40,4,81,0,36,16,0,12,1,22,13,0,0,108,6,0,0,14,0,0,9,8,0,0,34,0
41,2,76,0,33,15,0,11,1,21,12,0,0,101,5,0,0,13,0,0,9,7,0,0,32,0
42,1,10,0,4,2,0,1,0,2,1,0,0,13,0,0,0,1,0,0,1,1,0,0,4,2
43,4,88,0,15,19,0,4,1,22,33,0,0,113,11,0,0,15,0,0,4,4,0,0,1,0
44,4,88,0,15,19,0,4,1,22,33,0,0,113,11,0,0,15,0,0,4,4,0,0,1,0
45,4,93,0,16,20,0,4,1,24,36,0,0,120,12,0,0,16,0,0,4,4,0,0,1,0
46,2,88,0,15,19,0,4,1,22,33,0,0,113,11,0,0,15,0,0,4,4,0,0,1,0
47,1,11,0,2,2,0,0,0,3,4,0,0,15,1,0,0,2,0,0,0,0,0,0,0,3
48,4,87,0,15,19,0,15,0,46,28,0,0,70,14,0,15,14,0,0,25,0,0,0,4,0
49,2,87,0,15,19,0,15,0,46,28,0,0,70,14,0,15,14,0,0,25,0,0,0,4,0
50,1,11,0,2,2,0,2,0,6,3,0,0,9,1,0,2,1,0,0,3,0,0,0,0,0
51,2,117,0,25,31,0,28,0,443,8,0,0,56,3,0,0,1,0,0,246,0,0,0,17,0
52,1,19,0,4,5,0,4,0,73,1,0,0,9,0,0,0,0,0,0,41,0,0,0,2,0
53,2,76,0,18,20,0,10,0,294,5,0,0,38,2,0,0,1,0,0,163,0,0,0,11,0
54,1,19,0,4,5,0,2,0,73,1,0,0,9,0,0,0,0,0,0,41,0,0,0,2,1
55,1,196,2,59,40,0,27,4,107,123,0,0,155,11,0,0,0,0,0,2,2,2,0,87,0
56,2,146,1,44,29,0,20,2,79,91,0,0,115,8,0,0,0,0,0,1,1,1,0,64,0
57,6,146,1,44,29,0,20,2,79,91,0,0,115,8,0,0,0,0,0,1,1,1,0,64,0
58,6,146,1,44,29,0,20,2,79,91,0,0,115,8,0,0,0,0,0,1,1,1,0,64,0
59,6,146,1,44,29,0,20,2,79,91,0,0,115,8,0,0,0,0,0,1,1,1,0,64,0
60,1,24,0,7,4,0,3,0,13,15,0,0,19,1,0,0,0,0,0,0,0,0,0,10,1
61,1,12,0,3,2,0,1,0,6,7,0,0,9,0,0,0,0,0,0,0,0,0,0,5,2
62,1,194,4,64,36,0,26,3,146,125,0,0,151,11,0,0,1,0,0,4,2,2,0,18,0
63,2,96,2,31,18,0,13,1,72,62,0,0,74,5,0,0,0,0,0,2,1,1,0,9,0
64,4,96,2,31,18,0,13,1,72,62,0,0,74,5,0,0,0,0,0,2,1,1,0,9,0
65,4,96,2,31,18,0,13,1,72,62,0,0,74,5,0,0,0,0,0,2,1,1,0,9,0
66,4,96,2,31,18,0,13,1,72,62,0,0,74,5,0,0,0,0,0,2,1,1,0,9,0
67,1,24,0,7,4,0,3,0,18,15,0,0,18,1,0,0,0,0,0,0,0,0,0,2,1
68,1,11,0,3,2,0,1,0,8,7,0,0,9,0,0,0,0,0,0,0,0,0,0,1,2
69,2,134,0,5,32,2,30,0,30,5,0,0,113,6,0,0,30,0,0,13,0,10,0,0,0
70,1,22,0,0,5,0,5,0,5,0,0,0,18,1,0,0,5,0,0,2,0,1,0,0,0
71,2,84,0,18,22,1,20,0,55,5,0,0,37,2,0,0,24,0,0,23,0,18,0,0,0
72,1,21,0,4,5,0,5,0,13,1,0,0,9,0,0,0,6,0,0,5,0,4,0,0,0
73,2,107,0,22,29,1,20,0,224,15,0,0,161,8,0,2,5,0,0,108,3,45,0,0,0
74,6,107,0,22,29,1,20,0,224,15,0,0,161,8,0,2,5,0,0,108,3,45,0,0,0
75,6,107,0,22,29,1,20,0,224,15,0,0,161,8,0,2,5,0,0,108,3,45,0,0,0
76,1,17,0,3,4,0,3,0,37,2,0,0,26,1,0,0,0,0,0,18,0,7,0,0,1
77,1,9,0,1,2,0,1,0,19,1,0,0,14,0,0,0,0,0,0,9,0,4,0,0,2
78,2,66,0,15,18,0,14,0,149,10,0,0,106,5,0,1,2,0,0,72,2,30,0,0,0
79,4,66,0,15,18,0,14,0,149,10,0,0,106,5,0,1,2,0,0,72,2,30,0,0,0
80,4,70,0,16,19,0,15,0,158,10,0,0,112,6,0,1,3,0,0,76,2,32,0,0,0
81,1,16,0,3,4,0,3,0,37,2,0,0,26,1,0,0,0,0,0,18,0,7,0,0,1
82,1,8,0,2,2,0,1,0,19,1,0,0,14,0,0,0,0,0,0,9,0,4,0,0,2
83,2,90,1,22,20,0,0,1,129,36,0,0,97,5,0,0,10,0,0,0,0,0,0,3,3
84,1,22,0,5,5,0,0,0,32,9,0,0,24,1,0,0,2,0,0,0,0,0,0,0,3
85,2,91,0,21,22,0,11,1,45,35,0,0,91,10,0,0,30,0,0,0,0,0,0,0,0
86,4,91,0,21,22,0,11,1,45,35,0,0,91,10,0,0,30,0,0,0,0,0,0,0,0
87,1,22,0,5,5,0,2,0,11,8,0,0,22,2,0,0,7,0,0,0,0,0,0,0,1
88,1,12,0,2,3,0,1,0,6,4,0,0,12,1,0,0,4,0,0,0,0,0,0,0,2
89,2,147,0,19,40,1,26,0,303,8,0,0,123,4,0,2,45,0,0,149,0,61,0,0,0
90,6,113,0,15,31,1,20,0,234,6,0,0,95,3,0,1,34,0,0,115,0,47,0,0,0
91,1,18,0,2,5,0,3,0,39,1,0,0,15,0,0,0,5,0,0,19,0,7,0,0,1
92,1,10,0,1,2,0,1,0,20,0,0,0,8,0,0,0,3,0,0,10,0,4,0,0,2
93,2,73,0,7,20,0,12,0,155,4,0,0,61,2,0,1,23,0,0,77,0,31,0,0,0
94,4,73,0,7,20,0,12,0,155,4,0,0,61,2,0,1,23,0,0,77,0,31,0,0,0
95,4,73,0,7,20,0,12,0,155,4,0,0,61,2,0,1,23,0,0,77,0,31,0,0,0
96,1,18,0,1,5,0,3,0,39,1,0,0,15,0,0,0,5,0,0,19,0,7,0,0,1
97,1,9,0,1,2,0,1,0,20,0,0,0,8,0,0,0,3,0,0,10,0,4,0,0,2
98,4,85,0,15,19,0,7,1,3,30,0,0,115,14,0,0,13,0,0,0,0,0,0,4,0
99,4,85,0,15,19,0,7,1,3,30,0,0,115,14,0,0,13,0,0,0,0,0,0,4,0
100,4,85,0,15,19,0,7,1,3,30,0,0,115,14,0,0,13,0,0,0,0,0,0,4,0
101,2,85,0,15,19,0,7,1,3,30,0,0,115,14,0,0,13,0,0,0,0,0,0,4,0
102,1,11,0,2,2,0,0,0,0,4,0,0,15,1,0,0,1,0,0,0,0,0,0,0,3
103,2,67,0,7,18,0,0,0,22,11,0,0,65,5,0,0,21,0,0,0,0,0,0,0,3
104,1,17,0,1,4,0,0,0,5,2,0,0,16,1,0,0,5,0,0,0,0,0,0,0,3
105,2,73,1,13,12,2,8,2,33,20,0,0,107,6,0,0,0,0,0,14,0,11,0,5,0
106,4,73,1,13,12,2,8,2,33,20,0,0,107,6,0,0,0,0,0,14,0,11,0,5,0
107,4,73,1,13,12,2,8,2,33,20,0,0,107,6,0,0,0,0,0,14,0,11,0,5,0
108,4,73,1,13,12,2,8,2,33,20,0,0,107,6,0,0,0,0,0,14,0,11,0,5,0
109,1,18,0,3,3,0,2,0,8,5,0,0,26,1,0,0,0,0,0,3,0,2,0,1,1
110,2,139,4,606,14,0,0,8,853,18,0,1,204,13,0,0,6,0,0,0,0,0,0,0,3
111,1,23,0,101,2,0,0,1,142,3,0,0,34,2,0,0,1,0,0,0,0,0,0,0,3
112,2,130,3,771,17,0,0,7,1977,30,0,1,207,18,0,0,3,0,0,0,0,0,0,0,3
113,1,21,0,128,2,0,0,1,329,5,0,0,34,3,0,0,0,0,0,0,0,0,0,0,3
114,2,96,3,28,12,1,2,4,1115,13,0,0,78,11,0,7,2,0,0,544,248,0,1751,13,1
115,6,96,3,28,12,1,2,4,1115,13,0,0,78,11,0,7,2,0,0,544,248,0,1751,13,1
116,6,96,3,28,12,1,2,4,1115,13,0,0,78,11,0,7,2,0,0,544,248,0,1751,13,1
117,6,96,3,28,12,1,2,4,1115,13,0,0,78,11,0,7,2,0,0,544,248,0,1751,13,1
118,1,16,0,4,2,0,0,0,185,2,0,0,13,1,0,1,0,0,0,90,41,0,292,2,3
119,1,9,0,2,1,0,0,0,104,1,0,0,7,1,0,0,0,0,0,51,23,0,164,1,3
120,2,71,2,16,9,1,1,2,809,11,0,0,98,11,0,1,0,0,0,395,179,0,537,9,1
121,4,71,2,16,9,1,1,2,809,11,0,0,98,11,0,1,0,0,0,395,179,0,537,9,1
122,4,71,2,16,9,1,1,2,809,11,0,0,98,11,0,1,0,0,0,395,179,0,537,9,1
123,4,71,2,16,9,1,1,2,809,11,0,0,98,11,0,1,0,0,0,395,179,0,537,9,1
124,1,17,0,4,2,0,0,0,202,2,0,0,24,2,0,0,0,0,0,99,45,0,134,2,3
125,1,10,0,2,1,0,0,0,114,1,0,0,13,1,0,0,0,0,0,56,25,0,76,1,3
126,2,86,2,586,9,1,2,8,2803,15,0,1,241,18,0,4,5,0,0,1387,588,0,4377,22,1
127,6,86,2,586,9,1,2,8,2803,15,0,1,241,18,0,4,5,0,0,1387,588,0,4377,22,1
128,1,14,0,97,1,0,0,1,467,2,0,0,40,3,0,0,0,0,0,231,98,0,730,3,3
129,4,108,7,25,7,2,2,2,5012,21,0,0,143,16,0,13,0,0,0,2446,1122,0,0,13,1
130,2,47,1,21,3,2,1,4,514,46,0,0,190,13,0,69,21,0,0,303,6,0,0,6,2
131,4,47,1,21,3,2,1,4,514,46,0,0,190,13,0,69,21,0,0,303,6,0,0,6,2
132,4,47,1,21,3,2,1,4,514,46,0,0,190,13,0,69,21,0,0,303,6,0,0,6,2
133,1,11,0,5,0,0,0,1,128,11,0,0,47,3,0,17,5,0,0,76,1,0,0,1,3
134,6,112,2,316,15,1,1,6,3315,18,0,0,161,17,0,5,2,0,0,1618,732,0,0,47,2
135,2,112,2,316,15,1,1,6,3315,18,0,0,161,17,0,5,2,0,0,1618,732,0,0,47,2
136,1,10,0,29,1,0,0,0,312,1,0,0,15,1,0,0,0,0,0,152,68,0,0,4,3
137,4,57,1,16,10,1,0,1,1322,20,0,0,67,9,0,2,1,0,0,645,293,0,0,11,3
138,2,57,1,16,10,1,0,1,1322,20,0,0,67,9,0,2,1,0,0,645,293,0,0,11,3
139,4,57,1,16,10,1,0,1,1322,20,0,0,67,9,0,2,1,0,0,645,293,0,0,11,3
140,1,8,0,2,1,0,0,0,187,2,0,0,9,1,0,0,0,0,0,91,41,0,0,1,3
141,2,93,2,132,14,1,1,4,2939,35,0,0,66,11,0,2,0,0,0,1428,666,0,0,15,2
142,6,93,2,132,14,1,1,4,2939,35,0,0,66,11,0,2,0,0,0,1428,666,0,0,15,2
143,6,93,2,132,14,1,1,4,2939,35,0,0,66,11,0,2,0,0,0,1428,666,0,0,15,2
144,6,93,2,132,14,1,1,4,2939,35,0,0,66,11,0,2,0,0,0,1428,666,0,0,15,2
145,1,15,0,22,2,0,0,0,490,5,0,0,11,1,0,0,0,0,0,238,111,0,0,2,3
146,1,8,0,12,1,0,0,0,276,3,0,0,6,1,0,0,0,0,0,134,62,0,0,1,3
147,2,74,2,25,10,2,2,3,2465,30,0,0,157,15,0,2,0,0,0,1197,559,0,0,18,1
148,4,74,2,25,10,2,2,3,2465,30,0,0,157,15,0,2,0,0,0,1197,559,0,0,18,1
149,4,74,2,25,10,2,2,3,2465,30,0,0,157,15,0,2,0,0,0,1197,559,0,0,18,1
150,4,74,2,25,10,2,2,3,2465,30,0,0,157,15,0,2,0,0,0,1197,559,0,0,18,1
151,1,18,0,6,2,0,0,0,618,7,0,0,39,3,0,0,0,0,0,300,140,0,0,4,3
152,1,10,0,3,1,0,0,0,349,4,0,0,22,2,0,0,0,0,0,169,79,0,0,2,3
153,1,114,3,36,16,2,3,3,3169,84,0,0,151,11,1,15,2,0,0,1543,716,0,0,9,1
154,2,56,1,18,8,1,1,1,1563,41,0,0,74,5,0,7,1,0,0,761,353,0,0,4,2
155,4,56,1,18,8,1,1,1,1563,41,0,0,74,5,0,7,1,0,0,761,353,0,0,4,2
156,4,56,1,18,8,1,1,1,1563,41,0,0,74,5,0,7,1,0,0,761,353,0,0,4,2
157,1,14,0,4,2,0,0,0,392,10,0,0,18,1,0,1,0,0,0,191,88,0,0,1,3
158,1,8,0,2,1,0,0,0,221,5,0,0,10,0,0,1,0,0,0,107,50,0,0,0,3
159,2,132,6,340,10,1,2,8,1717,61,0,0,156,17,0,6,3,0,0,841,363,0,0,49,1
160,6,138,6,354,11,1,2,9,1787,63,0,0,162,17,0,6,3,0,0,876,378,0,0,51,1
161,1,22,1,56,1,0,0,1,286,10,0,0,26,2,0,1,0,0,0,140,60,0,0,8,3
162,1,12,0,32,1,0,0,0,161,5,0,0,14,1,0,0,0,0,0,79,34,0,0,4,3
163,2,103,3,129,13,0,2,4,180,86,0,0,74,11,0,0,2,0,0,8,0,0,0,10,1
164,1,17,0,21,2,0,0,0,30,14,0,0,12,1,0,0,0,0,0,1,0,0,0,1,3
165,2,75,2,98,10,0,1,3,97,74,0,0,75,9,0,0,0,0,0,5,0,0,0,7,2
166,1,18,0,24,2,0,0,0,24,18,0,0,18,2,0,0,0,0,0,1,0,0,0,1,3
167,2,100,1,28,15,1,4,4,1174,23,0,0,122,11,1,11,2,0,0,574,261,0,425,6,1
168,6,100,1,28,15,1,4,4,1174,23,0,0,122,11,1,11,2,0,0,574,261,0,425,6,1
169,6,100,1,28,15,1,4,4,1174,23,0,0,122,11,1,11,2,0,0,574,261,0,425,6,1
170,1,16,0,4,2,0,0,0,195,3,0,0,20,1,0,1,0,0,0,95,43,0,70,1,3
171,1,9,0,2,1,0,0,0,110,2,0,0,11,1,0,1,0,0,0,54,24,0,40,0,3
172,2,68,1,42,10,1,2,2,992,19,0,0,126,13,2,33,0,0,0,474,240,0,47,7,1
173,4,68,1,42,10,1,2,2,992,19,0,0,126,13,2,33,0,0,0,474,240,0,47,7,1
174,4,68,1,42,10,1,2,2,992,19,0,0,126,13,2,33,0,0,0,474,240,0,47,7,1
175,4,68,1,42,10,1,2,2,992,19,0,0,126,13,2,33,0,0,0,474,240,0,47,7,1
176,1,17,0,10,2,0,0,0,248,4,0,0,31,3,0,8,0,0,0,119,60,0,11,1,3
177,1,9,0,6,1,0,0,0,140,2,0,0,17,1,0,4,0,0,0,67,34,0,6,1,3
178,1,12,0,32,1,0,0,0,9,1,0,0,23,2,0,0,0,0,0,5,0,0,53,1,3
179,2,56,0,15,13,0,0,1,4154,28,0,0,190,17,0,0,5,0,0,0,0,0,0,0,3
180,1,9,0,2,2,0,0,0,692,4,0,0,31,2,0,0,0,0,0,0,0,0,0,0,3
181,2,46,0,9,10,0,0,1,3082,24,0,0,136,12,0,0,3,0,0,0,0,0,0,0,3
182,1,11,0,2,2,0,0,0,773,6,0,0,34,3,0,0,0,0,0,0,0,0,0,0,3
183,4,67,2,12,9,1,1,1,627,15,0,0,150,27,0,2,3,0,0,318,44,0,327,5,2
184,2,115,2,127,19,1,4,4,2133,25,0,0,207,18,0,1,0,0,0,1021,516,0,0,8,0
185,6,115,2,127,19,1,4,4,2133,25,0,0,207,18,0,1,0,0,0,1021,516,0,0,8,0
186,6,115,2,127,19,1,4,4,2133,25,0,0,207,18,0,1,0,0,0,1021,516,0,0,8,0
187,6,115,2,127,19,1,4,4,2133,25,0,0,207,18,0,1,0,0,0,1021,516,0,0,8,0
188,1,19,0,21,3,0,0,0,355,4,0,0,34,3,0,0,0,0,0,170,86,0,0,1,3
189,1,10,0,12,1,0,0,0,200,2,0,0,19,1,0,0,0,0,0,96,48,0,0,0,3
190,2,127,1,608,18,0,0,9,753,37,0,0,277,25,0,0,6,0,0,0,0,0,0,0,3
191,1,21,0,101,3,0,0,1,125,6,0,0,46,4,0,0,1,0,0,0,0,0,0,0,3
192,4,83,2,24,12,1,6,2,4879,33,0,0,226,14,0,1,0,0,0,2926,0,0,0,12,0
193,1,11,0,3,1,0,0,0,690,4,0,0,32,2,0,0,0,0,0,414,0,0,0,1,3
194,2,95,1,136,16,1,2,4,3206,40,0,0,146,15,0,5,0,0,0,1575,697,0,1915,6,1
195,6,95,1,136,16,1,2,4,3206,40,0,0,146,15,0,5,0,0,0,1575,697,0,1915,6,1
196,6,95,1,136,16,1,2,4,3206,40,0,0,146,15,0,5,0,0,0,1575,697,0,1915,6,1
197,6,95,1,136,16,1,2,4,3206,40,0,0,146,15,0,5,0,0,0,1575,697,0,1915,6,1
198,1,15,0,22,2,0,0,0,534,6,0,0,24,2,0,0,0,0,0,262,116,0,319,1,3
199,1,8,0,12,1,0,0,0,301,3,0,0,13,1,0,0,0,0,0,148,65,0,180,0,3
200,2,58,1,22,8,1,1,2,1832,20,0,0,102,9,0,1,0,0,0,891,415,0,0,5,2
201,4,58,1,22,8,1,1,2,1832,20,0,0,102,9,0,1,0,0,0,891,415,0,0,5,2
202,4,58,1,22,8,1,1,2,1832,20,0,0,102,9,0,1,0,0,0,891,415,0,0,5,2
203,4,58,1,22,8,1,1,2,1832,20,0,0,102,9,0,1,0,0,0,891,415,0,0,5,2
204,1,14,0,5,2,0,0,0,459,5,0,0,25,2,0,0,0,0,0,223,104,0,0,1,3
205,1,8,0,3,1,0,0,0,259,2,0,0,14,1,0,0,0,0,0,126,58,0,0,0,3
206,1,181,7,125,22,4,4,4,5847,35,0,0,296,25,1,23,0,0,0,2846,1318,0,2,10,0
207,2,80,3,55,9,1,2,2,2580,15,0,0,131,11,0,10,0,0,0,1256,581,0,1,4,2
208,4,80,3,55,9,1,2,2,2580,15,0,0,131,11,0,10,0,0,0,1256,581,0,1,4,2
209,4,80,3,55,9,1,2,2,2580,15,0,0,131,11,0,10,0,0,0,1256,581,0,1,4,2
210,1,20,0,13,2,0,0,0,647,3,0,0,32,2,0,2,0,0,0,315,146,0,0,1,3
211,1,11,0,7,1,0,0,0,365,2,0,0,18,1,0,1,0,0,0,177,82,0,0,0,3
212,1,158,4,192,23,3,3,5,6512,30,0,1,312,28,1,6,0,0,0,3189,1438,0,3737,20,1
213,2,105,3,127,15,2,2,3,4324,20,0,0,207,18,0,4,0,0,0,2118,955,0,2482,13,1
214,6,105,3,127,15,2,2,3,4324,20,0,0,207,18,0,4,0,0,0,2118,955,0,2482,13,1
215,6,105,3,127,15,2,2,3,4324,20,0,0,207,18,0,4,0,0,0,2118,955,0,2482,13,1
216,6,105,3,127,15,2,2,3,4324,20,0,0,207,18,0,4,0,0,0,2118,955,0,2482,13,1
217,1,17,0,21,2,0,0,0,721,3,0,0,34,3,0,0,0,0,0,353,159,0,413,2,3
218,1,9,0,12,1,0,0,0,407,1,0,0,19,1,0,0,0,0,0,199,89,0,233,1,3
219,1,161,6,48,19,5,4,6,7477,43,0,1,404,38,0,6,0,0,0,3637,1697,0,0,15,0
220,2,71,2,21,8,2,2,2,3300,19,0,0,178,16,0,2,0,0,0,1605,749,0,0,6,2
221,4,71,2,21,8,2,2,2,3300,19,0,0,178,16,0,2,0,0,0,1605,749,0,0,6,2
222,4,80,3,24,9,2,2,3,3738,21,0,0,202,19,0,3,0,0,0,1818,848,0,0,7,1
223,4,71,2,21,8,2,2,2,3300,19,0,0,178,16,0,2,0,0,0,1605,749,0,0,6,2
224,4,71,2,21,8,2,2,2,3300,19,0,0,178,16,0,2,0,0,0,1605,749,0,0,6,2
225,1,17,0,5,2,0,0,0,828,4,0,0,44,4,0,0,0,0,0,402,187,0,0,1,3
226,1,10,0,3,1,0,0,0,467,2,0,0,25,2,0,0,0,0,0,227,106,0,0,0,3
227,1,135,2,194,22,2,3,5,6686,69,0,0,212,20,0,5,0,0,0,3251,1515,0,0,17,1
228,2,90,1,129,14,1,2,3,4440,45,0,0,141,13,0,3,0,0,0,2159,1006,0,0,11,1
229,6,90,1,129,14,1,2,3,4440,45,0,0,141,13,0,3,0,0,0,2159,1006,0,0,11,1
230,6,90,1,129,14,1,2,3,4440,45,0,0,141,13,0,3,0,0,0,2159,1006,0,0,11,1
231,1,15,0,21,2,0,0,0,740,7,0,0,23,2,0,0,0,0,0,360,167,0,0,1,3
232,1,8,0,12,1,0,0,0,417,4,0,0,13,1,0,0,0,0,0,203,94,0,0,1,3
233,2,81,1,88,13,0,0,3,1122,23,0,0,79,11,0,0,1,0,0,0,0,0,0,0,3
234,1,13,0,14,2,0,0,0,187,3,0,0,13,1,0,0,0,0,0,0,0,0,0,0,3
235,2,54,1,55,8,0,0,2,470,15,0,0,51,6,0,0,0,0,0,0,0,0,0,0,3
236,1,13,0,13,2,0,0,0,117,3,0,0,13,1,0,0,0,0,0,0,0,0,0,0,3
237,1,153,4,222,22,2,2,5,7352,35,0,0,248,20,0,6,2,0,0,3586,1651,0,1753,7,1
238,2,102,3,147,14,1,1,3,4882,23,0,0,164,13,0,4,1,0,0,2381,1096,0,1164,5,2
239,6,102,3,147,14,1,1,3,4882,23,0,0,164,13,0,4,1,0,0,2381,1096,0,1164,5,2
240,6,102,3,147,14,1,1,3,4882,23,0,0,164,13,0,4,1,0,0,2381,1096,0,1164,5,2
241,1,17,0,24,2,0,0,0,814,3,0,0,27,2,0,0,0,0,0,397,182,0,194,0,3
242,1,9,0,13,1,0,0,0,459,2,0,0,15,1,0,0,0,0,0,224,103,0,109,0,3
243,1,151,5,40,19,4,3,5,7352,40,0,0,360,30,0,6,4,0,0,3586,1651,0,1753,12,1
244,2,66,2,18,8,1,1,2,3245,18,0,0,159,13,0,3,1,0,0,1583,728,0,774,5,2
245,4,66,2,18,8,1,1,2,3245,18,0,0,159,13,0,3,1,0,0,1583,728,0,774,5,2
246,4,66,2,18,8,1,1,2,3245,18,0,0,159,13,0,3,1,0,0,1583,728,0,774,5,2
247,4,66,2,18,8,1,1,2,3245,18,0,0,159,13,0,3,1,0,0,1583,728,0,774,5,2
248,1,16,0,4,2,0,0,0,814,4,0,0,39,3,0,0,0,0,0,397,182,0,194,1,3
249,1,9,0,2,1,0,0,0,459,2,0,0,22,1,0,0,0,0,0,224,103,0,109,0,3
250,2,86,2,22,12,1,1,3,2521,22,0,0,161,11,0,0,2,0,0,0,0,0,0,8,2
251,1,14,0,3,2,0,0,0,420,3,0,0,26,1,0,0,0,0,0,0,0,0,0,1,3
252,1,133,5,51,17,2,2,5,5107,30,0,0,240,17,0,5,3,0,0,2498,1134,0,2424,15,1
253,2,58,2,22,7,1,1,2,2254,13,0,0,106,7,0,2,1,0,0,1102,500,0,1070,6,2
254,4,58,2,22,7,1,1,2,2254,13,0,0,106,7,0,2,1,0,0,1102,500,0,1070,6,2
255,4,58,2,22,7,1,1,2,2254,13,0,0,106,7,0,2,1,0,0,1102,500,0,1070,6,2
256,1,14,0,5,1,0,0,0,565,3,0,0,26,1,0,0,0,0,0,276,125,0,268,1,3
257,1,8,0,3,1,0,0,0,319,1,0,0,15,1,0,0,0,0,0,156,70,0,151,0,3
258,2,88,2,28,12,1,0,3,1689,54,0,0,124,15,0,0,1,0,0,0,0,0,0,0,3
259,1,14,0,4,2,0,0,0,281,9,0,0,20,2,0,0,0,0,0,0,0,0,0,0,3
260,2,49,1,23,7,1,0,1,1119,36,0,0,71,9,0,0,0,0,0,0,0,0,0,0,3
261,1,12,0,5,1,0,0,0,280,9,0,0,17,2,0,0,0,0,0,0,0,0,0,0,3
262,1,135,4,227,19,2,3,4,11072,40,0,0,250,23,0,12,1,0,0,5393,2498,0,0,10,1
263,2,90,2,151,12,1,2,2,7352,27,0,0,166,15,0,8,0,0,0,3581,1659,0,0,6,1
264,6,90,2,151,12,1,2,2,7352,27,0,0,166,15,0,8,0,0,0,3581,1659,0,0,6,1
265,1,15,0,25,2,0,0,0,1226,4,0,0,27,2,0,1,0,0,0,597,276,0,0,1,3
266,1,8,0,14,1,0,0,0,692,2,0,0,15,1,0,0,0,0,0,337,156,0,0,0,3
267,1,122,2,51,19,3,3,5,11253,69,0,1,261,33,0,9,1,0,0,5475,2554,0,0,10,1
268,2,54,1,22,8,1,1,2,4967,30,0,0,115,14,0,4,0,0,0,2417,1127,0,0,4,2
269,4,54,1,22,8,1,1,2,4967,30,0,0,115,14,0,4,0,0,0,2417,1127,0,0,4,2
270,4,54,1,22,8,1,1,2,4967,30,0,0,115,14,0,4,0,0,0,2417,1127,0,0,4,2
271,1,13,0,5,2,0,0,0,1246,7,0,0,28,3,0,1,0,0,0,606,282,0,0,1,3
272,1,7,0,3,1,0,0,0,703,4,0,0,16,2,0,0,0,0,0,342,159,0,0,0,3
273,2,136,5,567,13,0,0,8,3568,78,0,0,282,27,0,0,5,0,0,0,0,0,0,0,3
274,1,22,0,94,2,0,0,1,595,13,0,0,47,4,0,0,0,0,0,0,0,0,0,0,3
275,1,151,4,61,21,5,4,6,10577,69,0,1,404,35,0,8,0,0,0,5143,2401,0,0,28,1
276,2,66,1,27,9,2,1,2,4669,30,0,0,178,15,0,3,0,0,0,2270,1059,0,0,12,2
277,4,66,1,27,9,2,1,2,4669,30,0,0,178,15,0,3,0,0,0,2270,1059,0,0,12,2
278,4,66,1,27,9,2,1,2,4669,30,0,0,178,15,0,3,0,0,0,2270,1059,0,0,12,2
279,4,66,1,27,9,2,1,2,4669,30,0,0,178,15,0,3,0,0,0,2270,1059,0,0,12,2
280,1,16,0,6,2,0,0,0,1171,7,0,0,44,3,0,0,0,0,0,569,265,0,0,3,3
281,1,9,0,3,1,0,0,0,661,4,0,0,25,2,0,0,0,0,0,321,150,0,0,1,3
282,2,108,3,44,15,1,0,2,1786,44,0,0,100,18,0,0,1,0,0,0,0,0,0,0,3
283,1,18,0,7,2,0,0,0,297,7,0,0,16,3,0,0,0,0,0,0,0,0,0,0,3
284,2,71,2,22,8,1,0,2,1601,31,0,0,62,11,0,0,0,0,0,0,0,0,0,0,3
285,1,17,0,5,2,0,0,0,401,7,0,0,15,2,0,0,0,0,0,0,0,0,0,0,3
286,4,71,0,2,17,1,13,0,2316,9,0,0,168,6,0,0,7,0,0,1384,0,10,0,0,0
287,1,10,0,0,2,0,2,0,7,0,0,0,19,1,0,0,1,0,0,3,0,1,0,0,2
288,2,105,0,22,28,3,15,0,69,8,0,0,110,5,0,14,23,0,0,37,0,10,0,0,0
289,1,17,0,3,4,0,2,0,11,1,0,0,18,0,0,2,3,0,0,6,0,1,0,0,1
290,2,68,0,2,18,2,15,0,22,4,0,0,77,3,0,3,31,0,0,11,0,5,0,0,0
291,1,17,0,0,4,0,3,0,5,1,0,0,19,0,0,0,7,0,0,2,0,1,0,0,1
292,2,98,0,3,26,3,22,0,57,8,0,0,122,6,0,1,49,0,0,25,1,15,0,0,0
293,1,16,0,0,4,0,3,0,9,1,0,0,20,1,0,0,8,0,0,4,0,2,0,0,1
294,2,65,0,2,17,2,14,0,24,5,0,0,90,4,0,0,30,0,0,11,0,7,0,0,0
295,1,16,0,0,4,0,3,0,6,1,0,0,22,1,0,0,7,0,0,2,0,1,0,0,1
296,2,79,0,5,21,3,14,0,56,10,0,0,185,6,0,0,30,0,0,25,0,18,0,0,0
297,6,79,0,5,21,3,14,0,56,10,0,0,185,6,0,0,30,0,0,25,0,18,0,0,0
298,1,13,0,0,3,0,2,0,9,1,0,0,30,1,0,0,5,0,0,4,0,3,0,0,1
299,1,7,0,0,1,0,1,0,5,0,0,0,17,0,0,0,2,0,0,2,0,1,0,0,2
300,2,49,0,3,13,2,10,0,383,6,0,0,135,4,0,1,21,0,0,213,3,29,0,0,0
301,4,49,0,3,13,2,10,0,383,6,0,0,135,4,0,1,21,0,0,213,3,29,0,0,0
302,4,56,0,3,14,2,11,0,433,7,0,0,153,5,0,1,24,0,0,241,3,33,0,0,0
303,4,49,0,3,13,2,10,0,383,6,0,0,135,4,0,1,21,0,0,213,3,29,0,0,0
304,4,49,0,3,13,2,10,0,383,6,0,0,135,4,0,1,21,0,0,213,3,29,0,0,0
305,1,12,0,0,3,0,2,0,96,1,0,0,34,1,0,0,5,0,0,53,0,7,0,0,0
306,1,7,0,0,1,0,1,0,54,0,0,0,19,0,0,0,3,0,0,30,0,4,0,0,2
307,2,86,0,1,23,1,18,0,76,1,0,0,224,6,0,2,72,0,0,40,0,10,0,0,0
308,1,14,0,0,4,0,3,0,12,0,0,0,37,1,0,0,12,0,0,6,0,1,0,0,1
309,2,57,0,1,15,1,12,0,50,1,0,0,149,4,0,2,48,0,0,28,0,4,0,0,0
310,1,14,0,0,4,0,3,0,12,0,0,0,37,1,0,0,12,0,0,7,0,1,0,0,1
311,2,66,0,3,17,2,0,0,35,6,0,0,129,6,0,0,45,0,0,0,0,0,0,0,3
312,1,11,0,0,2,0,0,0,5,1,0,0,21,1,0,0,7,0,0,0,0,0,0,0,3
313,2,41,0,2,11,1,0,0,0,4,0,0,88,3,0,0,31,0,0,0,0,0,0,0,3
314,1,10,0,0,2,0,0,0,0,1,0,0,22,0,0,0,7,0,0,0,0,0,0,0,3
315,6,112,0,5,27,2,7,0,10,8,0,0,222,15,0,0,29,0,0,5,0,3,0,0,0
316,2,112,0,5,27,2,7,0,10,8,0,0,222,15,0,0,29,0,0,5,0,3,0,0,0
317,1,10,0,0,2,0,0,0,0,0,0,0,20,1,0,0,2,0,0,0,0,0,0,0,3
318,2,62,0,3,17,2,14,0,15,8,0,0,130,5,1,0,64,0,0,3,0,3,0,0,0
319,6,62,0,3,17,2,14,0,15,8,0,0,130,5,1,0,64,0,0,3,0,3,0,0,0
320,6,62,0,3,17,2,14,0,15,8,0,0,130,5,1,0,64,0,0,3,0,3,0,0,0
321,6,62,0,3,17,2,14,0,15,8,0,0,130,5,1,0,64,0,0,3,0,3,0,0,0
322,1,10,0,0,2,0,2,0,2,1,0,0,21,0,0,0,10,0,0,0,0,0,0,0,1
323,1,5,0,0,1,0,1,0,1,0,0,0,12,0,0,0,6,0,0,0,0,0,0,0,2
324,2,46,0,2,12,1,11,0,19,4,0,0,80,3,0,0,43,0,0,13,0,10,0,0,0
325,2,29,0,1,7,1,7,0,12,2,0,0,50,2,0,0,27,0,0,8,0,6,0,0,0
326,4,46,0,2,12,1,11,0,19,4,0,0,80,3,0,0,43,0,0,13,0,10,0,0,0
327,4,52,0,2,13,2,12,0,21,5,0,0,90,3,0,0,49,0,0,15,0,11,0,0,0
328,2,29,0,1,7,1,7,0,12,2,0,0,50,2,0,0,27,0,0,8,0,6,0,0,0
329,4,46,0,2,12,1,11,0,19,4,0,0,80,3,0,0,43,0,0,13,0,10,0,0,0
330,2,29,0,1,7,1,7,0,12,2,0,0,50,2,0,0,27,0,0,8,0,6,0,0,0
331,4,46,0,2,12,1,11,0,19,4,0,0,80,3,0,0,43,0,0,13,0,10,0,0,0
332,1,11,0,0,3,0,2,0,4,1,0,0,20,0,0,0,10,0,0,3,0,2,0,0,1
333,1,6,0,0,1,0,1,0,2,0,0,0,11,0,0,0,6,0,0,1,0,1,0,0,2
334,2,107,0,10,29,2,2,0,1229,13,0,0,212,6,1,0,30,0,0,698,11,66,0,0,1
335,6,107,0,10,29,2,2,0,1229,13,0,0,212,6,1,0,30,0,0,698,11,66,0,0,1
336,6,107,0,10,29,2,2,0,1229,13,0,0,212,6,1,0,30,0,0,698,11,66,0,0,1
337,1,17,0,1,4,0,0,0,204,2,0,0,35,1,0,0,5,0,0,116,1,11,0,0,3
338,1,9,0,0,2,0,0,0,108,1,0,0,18,0,0,0,2,0,0,61,1,5,0,0,3
339,2,67,0,9,18,1,1,0,819,10,0,0,136,4,0,0,24,0,0,465,7,44,0,0,2
340,4,67,0,9,18,1,1,0,819,10,0,0,136,4,0,0,24,0,0,465,7,44,0,0,2
341,4,72,0,9,19,1,1,0,870,10,0,0,145,4,0,0,25,0,0,494,8,46,0,0,2
342,1,17,0,2,4,0,0,0,205,2,0,0,34,1,0,0,6,0,0,116,1,11,0,0,3
343,1,9,0,1,2,0,0,0,108,1,0,0,18,0,0,0,3,0,0,61,1,5,0,0,3
344,2,115,0,13,31,2,14,0,68,11,0,0,132,10,0,1,36,0,0,39,1,0,0,0,0
345,6,115,0,13,31,2,14,0,68,11,0,0,132,10,0,1,36,0,0,39,1,0,0,0,0
346,6,115,0,13,31,2,14,0,68,11,0,0,132,10,0,1,36,0,0,39,1,0,0,0,0
347,1,19,0,2,5,0,2,0,11,1,0,0,22,1,0,0,6,0,0,6,0,0,0,0,1
348,1,10,0,1,2,0,1,0,6,1,0,0,11,0,0,0,3,0,0,3,0,0,0,0,2
349,2,73,0,6,20,1,12,0,67,7,0,0,76,6,0,0,21,0,0,33,13,0,0,0,0
350,4,73,0,6,20,1,12,0,67,7,0,0,76,6,0,0,21,0,0,33,13,0,0,0,0
351,4,78,0,7,21,1,12,0,72,8,0,0,81,7,0,0,23,0,0,36,14,0,0,0,0
352,1,18,0,1,5,0,3,0,17,1,0,0,19,1,0,0,5,0,0,8,3,0,0,0,1
353,1,9,0,0,2,0,1,0,9,1,0,0,10,0,0,0,2,0,0,4,1,0,0,0,2
354,4,93,0,7,22,1,14,1,63,5,0,0,263,28,0,0,15,0,0,25,16,6,0,0,0
355,2,93,0,7,22,1,14,1,63,5,0,0,263,28,0,0,15,0,0,25,16,6,0,0,0
356,1,12,0,1,2,0,1,0,8,0,0,0,34,3,0,0,2,0,0,3,2,0,0,0,2
357,2,113,0,15,30,2,12,0,74,13,0,0,183,20,1,0,43,0,0,30,28,0,0,0,0
358,6,113,0,15,30,2,12,0,74,13,0,0,183,20,1,0,43,0,0,30,28,0,0,0,0
359,6,113,0,15,30,2,12,0,74,13,0,0,183,20,1,0,43,0,0,30,28,0,0,0,0
360,1,18,0,2,5,0,2,0,12,2,0,0,30,3,0,0,7,0,0,5,4,0,0,0,2
361,1,10,0,1,2,0,1,0,6,1,0,0,16,1,0,0,3,0,0,2,2,0,0,0,2
362,2,64,0,10,17,1,0,0,48,5,0,0,99,11,0,0,18,0,0,19,19,0,0,0,3
363,4,64,0,10,17,1,0,0,48,5,0,0,99,11,0,0,18,0,0,19,19,0,0,0,3
364,4,68,0,10,18,1,0,0,51,6,0,0,105,12,0,0,20,0,0,20,20,0,0,0,3
365,1,16,0,2,4,0,0,0,12,1,0,0,24,2,0,0,4,0,0,4,4,0,0,0,3
366,1,8,0,1,2,0,0,0,6,0,0,0,13,1,0,0,2,0,0,2,2,0,0,0,3
367,2,71,0,4,19,0,0,0,207,7,0,0,83,5,0,0,91,0,0,0,0,0,0,0,3
368,1,17,0,1,4,0,0,0,52,1,0,0,20,1,0,0,22,0,0,0,0,0,0,0,3
369,2,90,0,4,24,1,14,0,3727,4,0,0,66,4,1,0,140,0,0,2168,82,53,0,0,0
370,4,90,0,4,24,1,14,0,3727,4,0,0,66,4,1,0,140,0,0,2168,82,53,0,0,0
371,1,22,0,1,6,0,3,0,935,1,0,0,16,1,0,0,35,0,0,544,20,13,0,0,1
372,1,12,0,0,3,0,1,0,494,0,0,0,8,0,0,0,18,0,0,287,10,7,0,0,2
373,2,79,0,5,21,1,0,0,85,7,0,0,89,5,0,0,127,0,0,0,0,0,0,0,3
374,1,19,0,1,5,0,0,0,21,1,0,0,22,1,0,0,32,0,0,0,0,0,0,0,3
375,2,120,0,8,32,2,25,0,302,8,0,0,263,8,2,7,32,0,0,149,0,62,0,0,0
376,6,120,0,8,32,2,25,0,302,8,0,0,263,8,2,7,32,0,0,149,0,62,0,0,0
377,6,120,0,8,32,2,25,0,302,8,0,0,263,8,2,7,32,0,0,149,0,62,0,0,0
378,6,120,0,8,32,2,25,0,302,8,0,0,263,8,2,7,32,0,0,149,0,62,0,0,0
379,1,20,0,1,5,0,4,0,50,1,0,0,43,1,0,1,5,0,0,24,0,10,0,0,1
380,1,11,0,0,3,0,2,0,28,0,0,0,24,0,0,0,3,0,0,14,0,5,0,0,1
381,2,63,0,6,16,1,13,0,181,6,0,0,183,6,0,5,35,0,0,90,0,37,0,0,0
382,2,39,0,4,10,1,8,0,114,4,0,0,115,4,0,3,22,0,0,56,0,23,0,0,0
383,4,63,0,6,16,1,13,0,181,6,0,0,183,6,0,5,35,0,0,90,0,37,0,0,0
384,2,39,0,4,10,1,8,0,114,4,0,0,115,4,0,3,22,0,0,56,0,23,0,0,0
385,4,63,0,6,16,1,13,0,181,6,0,0,183,6,0,5,35,0,0,90,0,37,0,0,0
386,2,39,0,4,10,1,8,0,114,4,0,0,115,4,0,3,22,0,0,56,0,23,0,0,0
387,4,63,0,6,16,1,13,0,181,6,0,0,183,6,0,5,35,0,0,90,0,37,0,0,0
388,1,15,0,1,4,0,3,0,45,1,0,0,45,1,0,1,8,0,0,22,0,9,0,0,1
389,1,8,0,0,2,0,1,0,25,0,0,0,25,0,0,0,5,0,0,12,0,5,0,0,2
390,2,74,0,1,19,4,12,0,54,17,0,0,200,11,0,5,28,0,0,30,0,3,0,0,0
391,6,74,0,1,19,4,12,0,54,17,0,0,200,11,0,5,28,0,0,30,0,3,0,0,0
392,1,12,0,0,3,0,2,0,9,2,0,0,33,1,0,0,4,0,0,5,0,0,0,0,1
393,1,7,0,0,1,0,1,0,5,1,0,0,18,1,0,0,2,0,0,2,0,0,0,0,2
394,2,46,0,4,12,2,8,0,32,11,0,0,131,7,0,1,31,0,0,19,0,1,0,0,0
395,4,46,0,4,12,2,8,0,32,11,0,0,131,7,0,1,31,0,0,19,0,1,0,0,0
396,4,46,0,4,12,2,8,0,32,11,0,0,131,7,0,1,31,0,0,19,0,1,0,0,0
397,4,46,0,4,12,2,8,0,32,11,0,0,131,7,0,1,31,0,0,19,0,1,0,0,0
398,1,11,0,1,3,0,2,0,8,2,0,0,32,1,0,0,7,0,0,4,0,0,0,0,2
399,1,6,0,0,1,0,1,0,4,1,0,0,18,1,0,0,4,0,0,2,0,0,0,0,2
400,2,73,0,3,19,6,12,0,57,13,0,0,195,15,1,5,37,0,0,17,0,1,0,0,0
401,6,73,0,3,19,6,12,0,57,13,0,0,195,15,1,5,37,0,0,17,0,1,0,0,0
402,6,73,0,3,19,6,12,0,57,13,0,0,195,15,1,5,37,0,0,17,0,1,0,0,0
403,6,73,0,3,19,6,12,0,57,13,0,0,195,15,1,5,37,0,0,17,0,1,0,0,0
404,1,12,0,0,3,1,2,0,9,2,0,0,32,2,0,0,6,0,0,2,0,0,0,0,2
405,1,6,0,0,1,0,1,0,5,1,0,0,18,1,0,0,3,0,0,1,0,0,0,0,2
406,2,46,0,2,12,4,7,0,37,9,0,0,146,9,0,3,27,0,0,10,0,1,0,0,0
407,2,29,0,1,7,2,4,0,23,5,0,0,92,5,0,2,17,0,0,6,0,0,0,0,0
408,4,46,0,2,12,4,7,0,37,9,0,0,146,9,0,3,27,0,0,10,0,1,0,0,0
409,4,46,0,2,12,4,7,0,37,9,0,0,146,9,0,3,27,0,0,10,0,1,0,0,0
410,2,29,0,1,7,2,4,0,23,5,0,0,92,5,0,2,17,0,0,6,0,0,0,0,0
411,4,46,0,2,12,4,7,0,37,9,0,0,146,9,0,3,27,0,0,10,0,1,0,0,0
412,2,29,0,1,7,2,4,0,23,5,0,0,92,5,0,2,17,0,0,6,0,0,0,0,0
413,4,46,0,2,12,4,7,0,37,9,0,0,146,9,0,3,27,0,0,10,0,1,0,0,0
414,1,11,0,0,3,1,1,0,9,2,0,0,36,2,0,0,6,0,0,2,0,0,0,0,2
415,1,6,0,0,1,0,1,0,5,1,0,0,20,1,0,0,3,0,0,1,0,0,0,0,2
416,2,125,0,13,34,2,23,0,159,10,0,0,141,6,1,5,1,0,0,88,0,17,0,0,0
417,6,125,0,13,34,2,23,0,159,10,0,0,141,6,1,5,1,0,0,88,0,17,0,0,0
418,1,20,0,2,5,0,3,0,26,1,0,0,23,1,0,0,0,0,0,14,0,2,0,0,1
419,1,11,0,1,3,0,2,0,14,0,0,0,12,0,0,0,0,0,0,7,0,1,0,0,2
420,2,80,0,6,22,1,15,0,160,6,0,0,96,4,0,3,1,0,0,88,0,15,0,0,0
421,4,80,0,6,22,1,15,0,160,6,0,0,96,4,0,3,1,0,0,88,0,15,0,0,0
422,4,80,0,6,22,1,15,0,160,6,0,0,96,4,0,3,1,0,0,88,0,15,0,0,0
423,1,20,0,1,5,0,3,0,40,1,0,0,24,1,0,0,0,0,0,22,0,3,0,0,1
424,1,10,0,0,2,0,2,0,21,0,0,0,12,0,0,0,0,0,0,11,0,2,0,0,2
425,2,119,0,3,31,4,18,1,353,25,0,0,275,17,0,26,1,0,0,178,25,42,0,0,0
426,1,19,0,0,5,0,3,0,58,4,0,0,45,2,0,4,0,0,0,29,4,7,0,0,1
427,2,77,0,5,20,3,12,0,511,16,0,0,200,11,0,17,0,0,0,257,37,61,0,0,0
428,4,77,0,5,20,3,12,0,511,16,0,0,200,11,0,17,0,0,0,257,37,61,0,0,0
429,4,82,0,6,22,3,13,0,543,18,0,0,212,12,0,18,0,0,0,273,39,64,0,0,0
430,1,19,0,1,5,0,3,0,128,4,0,0,50,2,0,4,0,0,0,64,9,15,0,0,1
431,1,10,0,0,2,0,1,0,67,2,0,0,26,1,0,2,0,0,0,34,4,8,0,0,2
432,6,117,0,28,27,0,16,0,338,23,0,0,79,6,0,1,12,0,0,88,1,227,0,25,0
433,2,117,0,28,27,0,16,0,338,23,0,0,79,6,0,1,12,0,0,88,1,227,0,25,0
434,1,10,0,2,2,0,1,0,29,2,0,0,7,0,0,0,1,0,0,7,0,20,0,2,2
435,4,74,0,28,17,0,10,0,150,16,0,0,51,4,0,0,14,0,0,39,1,100,0,16,0
436,2,74,0,28,17,0,10,0,150,16,0,0,51,4,0,0,14,0,0,39,1,100,0,16,0
437,1,9,0,3,2,0,1,0,19,2,0,0,6,0,0,0,1,0,0,5,0,13,0,2,2
438,4,58,0,5,14,0,13,0,22,8,0,0,137,3,0,0,40,0,0,13,0,0,0,0,0
439,4,58,0,5,14,0,13,0,22,8,0,0,137,3,0,0,40,0,0,13,0,0,0,0,0
440,4,58,0,5,14,0,13,0,22,8,0,0,137,3,0,0,40,0,0,13,0,0,0,0,0
441,2,58,0,5,14,0,13,0,22,8,0,0,137,3,0,0,40,0,0,13,0,0,0,0,0
442,1,14,0,1,3,0,3,0,5,2,0,0,34,0,0,0,10,0,0,3,0,0,0,0,1
443,1,12,0,0,3,0,2,0,1,1,0,0,30,0,0,0,18,0,0,0,0,0,0,0,2
444,2,52,0,3,12,0,11,0,6,6,0,0,124,3,0,0,74,0,0,3,0,0,0,0,0
445,4,57,0,3,14,0,13,0,5,7,0,0,112,3,0,0,169,0,0,2,0,0,0,0,0
446,4,60,0,3,14,0,14,0,5,7,0,0,117,3,0,0,178,0,0,2,0,0,0,0,0
447,4,57,0,3,14,0,13,0,5,7,0,0,112,3,0,0,169,0,0,2,0,0,0,0,0
448,4,57,0,3,14,0,13,0,5,7,0,0,112,3,0,0,169,0,0,2,0,0,0,0,0
449,1,14,0,0,3,0,3,0,1,1,0,0,28,0,0,0,42,0,0,0,0,0,0,0,1
450,2,58,0,3,14,0,13,0,5,7,0,0,114,3,0,0,172,0,0,2,0,0,0,0,0
451,1,13,0,0,3,0,2,0,19,0,0,0,30,0,0,0,18,0,0,9,0,4,0,0,1
452,2,53,0,1,13,0,12,0,80,3,0,0,123,3,0,0,74,0,0,39,0,16,0,0,0
453,1,15,0,0,3,0,3,0,13,1,0,0,31,0,0,0,18,0,0,7,0,1,0,0,1
454,2,62,0,1,15,0,14,0,54,6,0,0,128,3,0,1,73,0,0,30,0,6,0,0,0
455,4,91,0,6,22,0,13,0,20,11,0,0,185,8,0,1,84,0,0,10,1,2,0,0,0
456,1,22,0,1,5,0,3,0,4,2,0,0,46,2,0,0,21,0,0,2,0,0,0,0,1
457,2,92,0,6,22,0,13,0,20,11,0,0,187,8,0,1,85,0,0,10,1,2,0,0,0
458,4,58,0,3,14,0,13,0,22,5,0,0,113,3,0,0,72,0,0,10,0,7,0,0,0
459,4,61,0,3,15,0,14,0,23,5,0,0,119,3,0,0,75,0,0,10,0,7,0,0,0
460,4,58,0,3,14,0,13,0,22,5,0,0,113,3,0,0,72,0,0,10,0,7,0,0,0
461,4,58,0,3,14,0,13,0,22,5,0,0,113,3,0,0,72,0,0,10,0,7,0,0,0
462,1,14,0,0,3,0,3,0,5,1,0,0,28,0,0,0,18,0,0,2,0,1,0,0,1
463,2,59,0,3,14,0,13,0,22,5,0,0,115,3,0,0,73,0,0,10,0,7,0,0,0
464,2,85,0,5,20,0,17,0,0,240,0,0,173,11,0,0,40,0,0,0,0,0,0,0,0
465,2,118,0,12,28,1,23,0,7579,36,0,0,337,17,0,1,83,0,0,4548,0,0,0,0,0
466,1,14,0,1,3,0,2,0,948,4,0,0,42,2,0,0,10,0,0,569,0,0,0,0,1
467,4,58,0,5,14,0,10,0,52,10,0,0,126,6,0,1,79,0,0,23,13,1,0,0,0
468,1,14,0,1,3,0,2,0,13,2,0,0,31,1,0,0,19,0,0,5,3,0,0,0,1
469,2,59,0,5,14,0,10,0,53,10,0,0,128,6,0,1,80,0,0,24,13,1,0,0,0
470,4,58,0,5,14,0,12,0,33,6,0,0,167,7,0,0,40,0,0,6,1,27,0,0,0
471,1,14,0,1,3,0,3,0,8,1,0,0,41,1,0,0,10,0,0,1,0,6,0,0,1
472,2,59,0,5,14,0,12,0,34,6,0,0,170,7,0,0,40,0,0,6,1,27,0,0,0
473,1,13,0,0,3,0,0,0,22,3,0,0,43,1,0,0,23,0,0,0,0,0,0,0,3
474,2,54,0,3,12,0,0,0,92,12,0,0,175,6,0,0,97,0,0,0,0,0,0,0,3
475,1,14,0,1,3,0,0,0,67,1,0,0,62,2,0,0,26,0,0,0,0,0,0,0,3
476,2,58,0,7,13,0,0,1,274,7,0,0,252,8,0,0,109,0,0,0,0,0,0,0,3
477,1,15,0,0,3,0,0,0,14,5,0,0,62,4,0,0,10,0,0,0,0,0,0,0,3
478,2,63,0,3,15,0,0,0,58,21,0,0,254,17,0,0,43,0,0,0,0,0,0,0,3
479,1,14,0,0,3,0,0,0,9,2,0,0,43,2,0,0,16,0,0,0,0,0,0,0,3
480,2,60,0,2,14,0,0,0,39,10,0,0,179,11,0,0,67,0,0,0,0,0,0,0,3
481,4,55,0,1,12,0,10,0,68,15,0,0,230,11,0,0,78,0,0,11,2,58,0,0,0
482,4,55,0,1,12,0,10,0,68,15,0,0,230,11,0,0,78,0,0,11,2,58,0,0,0
483,4,55,0,1,12,0,10,0,68,15,0,0,230,11,0,0,78,0,0,11,2,58,0,0,0
484,1,13,0,0,3,0,2,0,17,3,0,0,57,2,0,0,19,0,0,2,0,14,0,0,1
485,2,55,0,1,12,0,10,0,69,15,0,0,233,11,0,0,79,0,0,11,2,59,0,0,0
486,2,105,0,24,24,0,20,1,4624,39,0,0,428,24,0,3,83,0,0,2122,971,332,0,0,0
487,1,13,0,3,3,0,2,0,579,4,0,0,53,3,0,0,10,0,0,265,121,41,0,0,1
488,4,58,0,0,14,0,9,0,0,15,0,0,162,10,0,4,42,0,0,0,0,0,0,0,0
489,4,61,0,0,15,0,9,0,0,15,0,0,170,10,0,4,44,0,0,0,0,0,0,0,0
490,4,58,0,0,14,0,9,0,0,15,0,0,162,10,0,4,42,0,0,0,0,0,0,0,0
491,4,58,0,0,14,0,9,0,0,15,0,0,162,10,0,4,42,0,0,0,0,0,0,0,0
492,2,58,0,0,14,0,9,0,0,15,0,0,162,10,0,4,42,0,0,0,0,0,0,0,0
493,1,14,0,0,3,0,2,0,0,3,0,0,40,2,0,1,10,0,0,0,0,0,0,0,2
494,1,21,0,0,5,0,0,0,40,3,0,0,56,2,0,0,19,0,0,0,0,0,0,0,3
495,2,88,0,2,21,0,0,0,166,15,0,0,229,10,0,0,81,0,0,0,0,0,0,0,3
496,2,121,3,320,15,0,2,6,2040,19,0,1,300,19,0,5,4,0,0,1018,413,0,3053,21,2
497,2,75,3,46,0,0,0,10,0,5,0,1,134,6,0,0,1,0,0,0,0,0,0,19,3
498,2,75,3,46,0,0,0,10,0,5,0,1,134,6,0,0,1,0,0,0,0,0,0,19,3
499,2,75,3,46,0,0,0,10,0,5,0,1,134,6,0,0,1,0,0,0,0,0,0,19,3
500,1,30,1,18,0,0,0,4,0,2,0,0,53,2,0,0,0,0,0,0,0,0,0,7,3
501,1,15,0,9,0,0,0,2,0,1,0,0,28,1,0,0,0,0,0,0,0,0,0,4,3
502,2,75,3,57,0,0,0,9,0,4,0,1,156,12,0,0,1,0,0,0,0,0,0,20,3
503,2,75,3,57,0,0,0,9,0,4,0,1,156,12,0,0,1,0,0,0,0,0,0,20,3
504,2,75,3,57,0,0,0,9,0,4,0,1,156,12,0,0,1,0,0,0,0,0,0,20,3
505,2,75,3,57,0,0,0,9,0,4,0,1,156,12,0,0,1,0,0,0,0,0,0,20,3
506,1,30,1,22,0,0,0,3,0,1,0,0,62,4,0,0,0,0,0,0,0,0,0,8,3
507,1,16,0,12,0,0,0,2,0,1,0,0,33,2,0,0,0,0,0,0,0,0,0,4,3
508,2,133,10,340,1,0,0,10,7,51,0,0,75,9,0,0,1,0,0,0,0,0,0,55,3
509,2,133,10,340,1,0,0,10,7,51,0,0,75,9,0,0,1,0,0,0,0,0,0,55,3
510,2,18,1,47,0,0,0,1,1,7,0,0,10,1,0,0,0,0,0,0,0,0,0,7,3
511,2,105,6,36,0,0,0,10,28,39,0,0,86,7,0,1,1,0,0,0,0,0,0,41,3
512,2,105,6,36,0,0,0,10,28,39,0,0,86,7,0,1,1,0,0,0,0,0,0,41,3
513,2,105,6,36,0,0,0,10,28,39,0,0,86,7,0,1,1,0,0,0,0,0,0,41,3
514,1,42,2,14,0,0,0,4,11,15,0,0,34,3,0,0,0,0,0,0,0,0,0,16,3
515,1,22,1,7,0,0,0,2,6,8,0,0,18,1,0,0,0,0,0,0,0,0,0,8,3
516,2,66,2,33,1,0,0,8,14,45,0,0,100,9,0,0,1,0,0,0,0,0,0,43,3
517,2,66,2,33,1,0,0,8,14,45,0,0,100,9,0,0,1,0,0,0,0,0,0,43,3
518,2,66,2,33,1,0,0,8,14,45,0,0,100,9,0,0,1,0,0,0,0,0,0,43,3
519,2,66,2,33,1,0,0,8,14,45,0,0,100,9,0,0,1,0,0,0,0,0,0,43,3
520,1,26,1,13,0,0,0,3,5,18,0,0,39,3,0,0,0,0,0,0,0,0,0,17,3
521,1,13,0,7,0,0,0,1,3,9,0,0,21,1,0,0,0,0,0,0,0,0,0,9,3
522,2,88,4,47,0,0,0,10,22,3,0,1,149,7,0,0,1,0,0,0,0,0,0,20,3
523,1,35,1,18,0,0,0,4,9,1,0,0,59,3,0,0,0,0,0,0,0,0,0,8,3
524,2,78,4,29,0,0,0,9,3,4,0,1,144,9,0,0,1,0,0,0,0,0,0,17,3
525,2,78,4,29,0,0,0,9,3,4,0,1,144,9,0,0,1,0,0,0,0,0,0,17,3
526,1,31,1,11,0,0,0,3,1,1,0,0,57,3,0,0,0,0,0,0,0,0,0,6,3
527,1,16,0,6,0,0,0,2,0,0,0,0,30,1,0,0,0,0,0,0,0,0,0,3,3
528,2,79,3,51,0,0,0,10,19,4,0,1,149,7,0,0,1,0,0,0,0,0,0,26,3
529,1,31,1,20,0,0,0,4,7,1,0,0,59,2,0,0,0,0,0,0,0,0,0,10,3
530,2,73,3,44,0,0,0,10,0,4,0,1,145,9,0,1,0,0,0,0,0,0,0,26,3
531,2,73,3,44,0,0,0,10,0,4,0,1,145,9,0,1,0,0,0,0,0,0,0,26,3
532,2,73,3,44,0,0,0,10,0,4,0,1,145,9,0,1,0,0,0,0,0,0,0,26,3
533,2,73,3,44,0,0,0,10,0,4,0,1,145,9,0,1,0,0,0,0,0,0,0,26,3
534,1,29,1,17,0,0,0,4,0,1,0,0,58,3,0,0,0,0,0,0,0,0,0,10,3
535,1,15,0,9,0,0,0,2,0,1,0,0,30,1,0,0,0,0,0,0,0,0,0,5,3
536,2,130,10,388,0,0,0,9,48,24,0,1,80,7,0,0,1,0,0,0,0,0,0,49,3
537,2,130,10,388,0,0,0,9,48,24,0,1,80,7,0,0,1,0,0,0,0,0,0,49,3
538,2,18,1,54,0,0,0,1,6,3,0,0,11,1,0,0,0,0,0,0,0,0,0,7,3
539,2,88,5,29,0,0,0,9,26,3,0,1,158,7,0,0,1,0,0,0,0,0,0,34,3
540,1,35,2,11,0,0,0,3,10,1,0,0,63,2,0,0,0,0,0,0,0,0,0,13,3
541,2,129,10,342,0,0,0,9,13,51,0,1,64,11,0,0,1,0,0,0,0,0,0,46,3
542,2,129,10,342,0,0,0,9,13,51,0,1,64,11,0,0,1,0,0,0,0,0,0,46,3
543,2,18,1,48,0,0,0,1,1,7,0,0,9,1,0,0,0,0,0,0,0,0,0,6,3
544,2,91,5,51,0,0,0,10,0,19,0,1,127,8,0,1,1,0,0,0,0,0,0,37,3
545,2,91,5,51,0,0,0,10,0,19,0,1,127,8,0,1,1,0,0,0,0,0,0,37,3
546,1,36,2,20,0,0,0,4,0,7,0,0,51,3,0,0,0,0,0,0,0,0,0,15,3
547,1,19,1,10,0,0,0,2,0,4,0,0,27,1,0,0,0,0,0,0,0,0,0,7,3
548,2,80,4,39,0,0,0,10,0,16,0,1,164,9,0,1,1,0,0,0,0,0,0,41,3
549,2,80,4,39,0,0,0,10,0,16,0,1,164,9,0,1,1,0,0,0,0,0,0,41,3
550,2,80,4,39,0,0,0,10,0,16,0,1,164,9,0,1,1,0,0,0,0,0,0,41,3
551,2,80,4,39,0,0,0,10,0,16,0,1,164,9,0,1,1,0,0,0,0,0,0,41,3
552,1,32,1,15,0,0,0,4,0,6,0,0,65,3,0,0,0,0,0,0,0,0,0,16,3
553,1,17,0,8,0,0,0,2,0,3,0,0,34,2,0,0,0,0,0,0,0,0,0,8,3
554,2,71,3,45,0,0,0,9,0,4,0,1,153,8,0,2,1,0,0,0,0,0,0,18,3
555,2,71,3,45,0,0,0,9,0,4,0,1,153,8,0,2,1,0,0,0,0,0,0,18,3
556,2,71,3,45,0,0,0,9,0,4,0,1,153,8,0,2,1,0,0,0,0,0,0,18,3
557,2,71,3,45,0,0,0,9,0,4,0,1,153,8,0,2,1,0,0,0,0,0,0,18,3
558,1,28,1,18,0,0,0,3,0,1,0,0,61,3,0,0,0,0,0,0,0,0,0,7,3
559,1,15,0,9,0,0,0,2,0,1,0,0,32,1,0,0,0,0,0,0,0,0,0,3,3
560,2,95,1,45,18,0,13,3,35,102,0,0,172,12,0,0,42,0,0,3,0,10,0,3,0
561,1,23,0,11,4,0,3,0,8,25,0,0,43,3,0,0,10,0,0,0,0,2,0,0,1
562,4,84,0,18,18,0,13,0,75,31,0,0,70,4,0,0,13,0,0,31,1,15,0,0,0
563,4,84,0,18,18,0,13,0,75,31,0,0,70,4,0,0,13,0,0,31,1,15,0,0,0
564,4,90,0,19,19,0,14,0,80,33,0,0,74,4,0,0,14,0,0,33,1,16,0,0,0
565,2,84,0,18,18,0,13,0,75,31,0,0,70,4,0,0,13,0,0,31,1,15,0,0,0
566,1,11,0,2,2,0,1,0,10,4,0,0,9,0,0,0,1,0,0,4,0,2,0,0,2
567,75,84,1,42,15,1,2,2,18,60,0,1,72,22,0,1,0,0,0,8,2,2,0,0,2
568,1,21,0,10,3,0,0,0,4,15,0,0,18,5,0,0,0,0,0,2,0,0,0,0,3
569,1,147,1,13,26,5,6,7,892,32,0,1,213,57,0,28,6,0,0,522,25,0,0,0,0
570,4,81,0,7,14,3,3,4,496,17,0,0,119,32,0,16,3,0,0,290,14,0,0,0,1
571,1,9,0,0,1,0,0,0,55,2,0,0,13,3,0,1,0,0,0,32,1,0,0,0,3
572,1,84,0,92,19,1,1,1,0,6,0,0,179,24,0,0,17,0,0,0,0,0,0,0,2
573,4,36,0,40,8,0,0,0,0,2,0,0,78,10,0,0,7,0,0,0,0,0,0,0,3
574,1,5,0,5,1,0,0,0,0,0,0,0,11,1,0,0,1,0,0,0,0,0,0,0,3
575,1,112,0,76,23,0,0,3,2,7,0,0,38,7,0,0,1,0,0,1,0,0,0,0,3
576,2,23,0,16,4,0,0,0,0,1,0,0,8,1,0,0,0,0,0,0,0,0,0,0,3
577,2,71,0,4,16,1,15,0,42,14,0,0,217,12,0,15,0,0,0,21,2,4,0,0,0
578,1,15,0,0,3,0,3,0,9,3,0,0,45,2,0,3,0,0,0,4,0,1,0,0,1
579,2,7,0,23,1,0,0,0,39,4,0,0,2,0,0,0,0,0,0,18,0,0,130,0,3
580,1,15,0,47,2,0,0,0,79,8,0,0,5,1,0,1,0,0,0,36,0,0,261,1,3
581,1,9,0,0,2,0,0,0,0,21,0,0,10,0,0,0,0,0,0,0,0,0,0,0,3
582,2,43,0,28,8,0,3,0,12,11,0,0,35,3,0,0,1,0,0,1,0,0,0,0,1
583,1,112,1,73,22,0,8,2,32,28,0,0,91,9,0,0,2,0,0,3,1,0,0,0,0
584,1,158,3,32,27,2,5,4,345,32,0,0,310,34,0,30,0,0,0,167,75,0,2,0,0
585,4,88,1,17,15,1,3,2,192,17,0,0,172,19,0,17,0,0,0,93,42,0,1,0,1
586,1,9,0,2,1,0,0,0,21,2,0,0,19,2,0,1,0,0,0,10,4,0,0,0,3
587,4,56,0,5,10,2,3,2,3156,36,0,0,397,29,0,2,5,0,0,1667,409,42,0,0,1
588,4,71,2,20,10,1,2,2,96,67,0,0,167,22,0,1,1,0,0,31,0,0,0,5,1
589,1,76,0,185,17,4,13,2,60,31,0,0,407,31,0,0,5,0,0,35,0,0,0,0,0
590,2,38,0,93,8,2,6,1,30,15,0,0,205,15,0,0,2,0,0,18,0,0,0,0,0
591,4,38,0,93,8,2,6,1,30,15,0,0,205,15,0,0,2,0,0,18,0,0,0,0,0
592,4,38,0,93,8,2,6,1,30,15,0,0,205,15,0,0,2,0,0,18,0,0,0,0,0
593,1,9,0,23,2,0,1,0,7,3,0,0,51,3,0,0,0,0,0,4,0,0,0,0,2
594,1,4,0,11,1,0,0,0,3,1,0,0,25,1,0,0,0,0,0,2,0,0,0,0,3
595,1,71,0,109,16,3,7,1,26454,51,0,0,452,24,1,28,12,0,0,12868,6007,0,0,0,0
596,2,54,0,83,12,2,5,1,20077,39,0,0,343,18,0,21,9,0,0,9766,4559,0,0,0,0
597,6,54,0,83,12,2,5,1,20077,39,0,0,343,18,0,21,9,0,0,9766,4559,0,0,0,0
598,6,54,0,83,12,2,5,1,20077,39,0,0,343,18,0,21,9,0,0,9766,4559,0,0,0,0
599,6,54,0,83,12,2,5,1,20077,39,0,0,343,18,0,21,9,0,0,9766,4559,0,0,0,0
600,1,9,0,13,2,0,0,0,3348,6,0,0,57,3,0,3,1,0,0,1628,760,0,0,0,3
601,1,4,0,6,1,0,0,0,1653,3,0,0,28,1,0,1,0,0,0,804,375,0,0,0,3
602,1,60,0,82,13,3,8,1,25672,49,0,0,439,20,1,32,12,0,0,12488,5828,0,0,0,0
603,2,30,0,41,6,1,4,0,12950,24,0,0,221,10,0,16,6,0,0,6299,2940,0,0,0,1
604,2,19,0,26,4,1,2,0,8137,15,0,0,139,6,0,10,4,0,0,3958,1847,0,0,0,2
605,4,30,0,41,6,1,4,0,12950,24,0,0,221,10,0,16,6,0,0,6299,2940,0,0,0,1
606,4,34,0,47,7,2,4,1,14670,28,0,0,250,11,0,18,7,0,0,7136,3330,0,0,0,0
607,2,19,0,26,4,1,2,0,8137,15,0,0,139,6,0,10,4,0,0,3958,1847,0,0,0,1
608,4,30,0,41,6,1,4,0,12950,24,0,0,221,10,0,16,6,0,0,6299,2940,0,0,0,1
609,2,19,0,26,4,1,2,0,8137,15,0,0,139,6,0,10,4,0,0,3958,1847,0,0,0,1
610,4,30,0,41,6,1,4,0,12950,24,0,0,221,10,0,16,6,0,0,6299,2940,0,0,0,1
611,1,7,0,10,1,0,1,0,3249,6,0,0,55,2,0,4,1,0,0,1580,737,0,0,0,2
612,1,3,0,5,0,0,0,0,1604,3,0,0,27,1,0,2,0,0,0,780,364,0,0,0,3
613,1,156,0,124,39,5,3,3,81,9,0,0,194,19,0,0,5,0,0,31,24,7,0,2,1
614,2,110,0,88,27,3,2,2,57,6,0,0,137,13,0,0,3,0,0,22,17,5,0,1,1
615,6,110,0,88,27,3,2,2,57,6,0,0,137,13,0,0,3,0,0,22,17,5,0,1,1
616,1,18,0,14,4,0,0,0,9,1,0,0,22,2,0,0,0,0,0,3,2,0,0,0,3
617,1,9,0,7,2,0,0,0,5,0,0,0,12,1,0,0,0,0,0,1,1,0,0,0,3
618,1,136,0,103,33,5,2,3,180,48,0,0,216,19,0,0,5,0,0,62,48,12,0,2,1
619,2,64,0,48,15,2,1,1,84,22,0,0,101,9,0,0,2,0,0,29,22,5,0,1,2
620,4,64,0,48,15,2,1,1,84,22,0,0,101,9,0,0,2,0,0,29,22,5,0,1,2
621,4,64,0,48,15,2,1,1,84,22,0,0,101,9,0,0,2,0,0,29,22,5,0,1,2
622,4,64,0,48,15,2,1,1,84,22,0,0,101,9,0,0,2,0,0,29,22,5,0,1,2
623,1,16,0,12,4,0,0,0,21,5,0,0,25,2,0,0,0,0,0,7,5,1,0,0,3
624,1,8,0,6,2,0,0,0,11,3,0,0,13,1,0,0,0,0,0,3,3,0,0,0,3
625,2,36,0,39,7,1,2,2,6855,31,0,0,189,23,0,27,6,0,0,3695,836,0,0,0,1
626,1,9,0,9,1,0,0,0,1719,7,0,0,47,5,0,6,1,0,0,927,209,0,0,0,3
627,1,60,0,4,13,4,2,2,1039,156,0,0,307,52,0,26,20,0,0,700,0,0,0,0,1
628,2,42,0,3,9,3,1,2,736,110,0,0,217,37,0,18,14,0,0,496,0,0,0,0,2
629,6,42,0,3,9,3,1,2,736,110,0,0,217,37,0,18,14,0,0,496,0,0,0,0,2
630,1,7,0,0,1,0,0,0,122,18,0,0,36,6,0,3,2,0,0,82,0,0,0,0,3
631,1,3,0,0,0,0,0,0,64,9,0,0,19,3,0,1,1,0,0,43,0,0,0,0,3
632,1,60,0,4,14,4,2,3,1075,93,0,0,379,57,1,28,12,0,0,748,0,0,0,0,1
633,2,28,0,2,6,2,1,1,506,44,0,0,178,27,0,13,5,0,0,352,0,0,0,0,2
634,4,28,0,2,6,2,1,1,506,44,0,0,178,27,0,13,5,0,0,352,0,0,0,0,2
635,2,17,0,1,4,1,0,0,318,27,0,0,112,17,0,8,3,0,0,221,0,0,0,0,3
636,4,28,0,2,6,2,1,1,506,44,0,0,178,27,0,13,5,0,0,352,0,0,0,0,2
637,2,17,0,1,4,1,0,0,318,27,0,0,112,17,0,8,3,0,0,221,0,0,0,0,3
638,4,28,0,2,6,2,1,1,506,44,0,0,178,27,0,13,5,0,0,352,0,0,0,0,2
639,1,7,0,0,1,0,0,0,127,11,0,0,44,6,0,3,1,0,0,88,0,0,0,0,3
640,1,3,0,0,0,0,0,0,67,5,0,0,23,3,0,1,0,0,0,46,0,0,0,0,3
641,1,86,0,86,19,3,4,3,10068,26,0,0,408,26,1,17,6,0,0,4944,2196,0,0,0,1
642,2,61,0,61,13,2,3,2,7131,18,0,0,289,18,0,12,4,0,0,3502,1555,0,0,0,1
644,1,10,0,10,2,0,0,0,1189,3,0,0,48,3,0,2,0,0,0,584,259,0,0,0,3
645,1,5,0,5,1,0,0,0,629,1,0,0,25,1,0,1,0,0,0,309,137,0,0,0,3
646,2,40,0,14,9,1,1,1,3577,14,0,0,143,11,0,7,1,0,0,1751,789,0,0,0,2
647,1,10,0,3,2,0,0,0,897,3,0,0,36,2,0,1,0,0,0,439,198,0,0,0,3
648,1,96,0,9,19,5,8,8,1356,48,0,0,268,36,1,35,16,0,0,636,31,0,0,0,0
649,2,45,0,4,9,2,3,3,638,22,0,0,126,16,0,16,7,0,0,299,14,0,0,0,1
650,2,28,0,2,5,1,2,2,401,14,0,0,79,10,0,10,4,0,0,188,9,0,0,0,1
651,4,45,0,4,9,2,3,3,638,22,0,0,126,16,0,16,7,0,0,299,14,0,0,0,1
652,2,28,0,2,5,1,2,2,401,14,0,0,79,10,0,10,4,0,0,188,9,0,0,0,1
653,4,45,0,4,9,2,3,3,638,22,0,0,126,16,0,16,7,0,0,299,14,0,0,0,1
654,2,28,0,2,5,1,2,2,401,14,0,0,79,10,0,10,4,0,0,188,9,0,0,0,1
655,4,45,0,4,9,2,3,3,638,22,0,0,126,16,0,16,7,0,0,299,14,0,0,0,1
656,1,11,0,1,2,0,0,0,160,5,0,0,31,4,0,4,1,0,0,75,3,0,0,0,3
657,1,6,0,0,1,0,0,0,84,3,0,0,16,2,0,2,1,0,0,39,1,0,0,0,3
658,1,88,3,117,13,4,5,6,10008,213,0,0,458,132,1,472,20,0,0,5894,0,0,0,12,0
659,2,41,1,55,6,2,2,2,4712,100,0,0,215,62,0,222,9,0,0,2775,0,0,0,5,1
660,4,41,1,55,6,2,2,2,4712,100,0,0,215,62,0,222,9,0,0,2775,0,0,0,5,1
661,1,10,0,13,1,0,0,0,1182,25,0,0,54,15,0,55,2,0,0,696,0,0,0,1,3
662,1,5,0,7,0,0,0,0,625,13,0,0,28,8,0,29,1,0,0,368,0,0,0,0,3
663,1,53,0,2,12,4,4,1,4511,53,0,0,414,26,1,6,17,0,0,2412,589,0,0,0,0
664,2,40,0,1,9,3,3,1,3423,40,0,0,314,20,0,4,13,0,0,1830,447,0,0,0,1
665,6,40,0,1,9,3,3,1,3423,40,0,0,314,20,0,4,13,0,0,1830,447,0,0,0,1
666,1,6,0,0,1,0,0,0,570,6,0,0,52,3,0,0,2,0,0,305,74,0,0,0,3
667,1,3,0,0,0,0,0,0,281,3,0,0,25,1,0,0,1,0,0,150,36,0,0,0,3
668,1,53,0,4,12,4,5,1,4531,53,0,0,400,26,1,6,17,0,0,2423,591,0,0,0,0
669,2,27,0,2,6,2,2,0,2285,27,0,0,202,13,0,3,8,0,0,1222,298,0,0,0,1
670,2,17,0,1,3,1,1,0,1436,17,0,0,127,8,0,2,5,0,0,768,187,0,0,0,2
671,4,27,0,2,6,2,2,0,2285,27,0,0,202,13,0,3,8,0,0,1222,298,0,0,0,1
672,4,30,0,2,7,2,2,1,2589,30,0,0,229,15,0,3,9,0,0,1384,337,0,0,0,1
673,2,17,0,1,3,1,1,0,1436,17,0,0,127,8,0,2,5,0,0,768,187,0,0,0,2
674,4,27,0,2,6,2,2,0,2285,27,0,0,202,13,0,3,8,0,0,1222,298,0,0,0,1
675,2,17,0,1,3,1,1,0,1436,17,0,0,127,8,0,2,5,0,0,768,187,0,0,0,2
676,4,27,0,2,6,2,2,0,2285,27,0,0,202,13,0,3,8,0,0,1222,298,0,0,0,1
677,1,6,0,0,1,0,0,0,573,6,0,0,50,3,0,0,2,0,0,306,74,0,0,0,3
678,1,3,0,0,0,0,0,0,283,3,0,0,25,1,0,0,1,0,0,151,36,0,0,0,3
679,1,127,0,44,29,3,9,2,14421,35,0,0,589,29,1,3,22,0,0,8653,0,0,0,0,0
680,2,64,0,22,14,1,4,1,7274,18,0,0,297,14,0,1,11,0,0,4365,0,0,0,0,1
681,2,40,0,14,9,1,2,0,4570,11,0,0,186,9,0,0,7,0,0,2742,0,0,0,0,1
682,4,64,0,22,14,1,4,1,7274,18,0,0,297,14,0,1,11,0,0,4365,0,0,0,0,0
683,4,72,0,25,16,1,5,1,8240,20,0,0,336,16,0,1,12,0,0,4944,0,0,0,0,0
684,2,40,0,14,9,1,2,0,4570,11,0,0,186,9,0,0,7,0,0,2742,0,0,0,0,1
685,4,64,0,22,14,1,4,1,7274,18,0,0,297,14,0,1,11,0,0,4365,0,0,0,0,0
686,2,40,0,14,9,1,2,0,4570,11,0,0,186,9,0,0,7,0,0,2742,0,0,0,0,1
687,4,64,0,22,14,1,4,1,7274,18,0,0,297,14,0,1,11,0,0,4365,0,0,0,0,0
688,1,16,0,5,3,0,1,0,1825,4,0,0,74,3,0,0,2,0,0,1095,0,0,0,0,2
689,1,7,0,2,1,0,0,0,901,2,0,0,36,1,0,0,1,0,0,540,0,0,0,0,3
690,1,134,0,49,31,3,9,2,14864,35,0,0,544,26,1,3,21,0,0,8919,0,0,0,0,0
691,2,102,0,37,23,2,7,1,11281,27,0,0,413,20,0,2,16,0,0,6769,0,0,0,0,0
692,6,102,0,37,23,2,7,1,11281,27,0,0,413,20,0,2,16,0,0,6769,0,0,0,0,0
693,6,102,0,37,23,2,7,1,11281,27,0,0,413,20,0,2,16,0,0,6769,0,0,0,0,0
694,6,102,0,37,23,2,7,1,11281,27,0,0,413,20,0,2,16,0,0,6769,0,0,0,0,0
695,1,17,0,6,3,0,1,0,1881,4,0,0,68,3,0,0,2,0,0,1128,0,0,0,0,2
696,1,8,0,3,1,0,0,0,929,2,0,0,34,1,0,0,1,0,0,557,0,0,0,0,3
